<?xml version="1.0" encoding="UTF-8"?>
<project-private xmlns="http://www.netbeans.org/ns/project-private/1">
    <editor-bookmarks xmlns="http://www.netbeans.org/ns/editor-bookmarks/2" lastBookmarkId="0"/>
    <open-files xmlns="http://www.netbeans.org/ns/projectui-open-files/2">
        <group>
            <file>file:/C:/Users/JESSA%20MARIE%20BEBITA/OneDrive/Desktop/2103_DCMS/Dental_Clinic_Management_System/src/dental_clinic_management_system/detailstreatment.java</file>
            <file>file:/C:/Users/JESSA%20MARIE%20BEBITA/OneDrive/Desktop/2103_DCMS/Dental_Clinic_Management_System/src/dental_clinic_management_system/loginpage.java</file>
            <file>file:/C:/Users/JESSA%20MARIE%20BEBITA/OneDrive/Desktop/2103_DCMS/Dental_Clinic_Management_System/src/dental_clinic_management_system/registrationpage.java</file>
            <file>file:/C:/Users/JESSA%20MARIE%20BEBITA/OneDrive/Desktop/2103_DCMS/Dental_Clinic_Management_System/src/dental_clinic_management_system/bill.java</file>
            <file>file:/C:/Users/JESSA%20MARIE%20BEBITA/OneDrive/Desktop/2103_DCMS/Dental_Clinic_Management_System/src/DatabaseConnection/Database.java</file>
            <file>file:/C:/Users/JESSA%20MARIE%20BEBITA/OneDrive/Desktop/2103_DCMS/Dental_Clinic_Management_System/src/dental_clinic_management_system/Dental_Clinic_Management_System.java</file>
            <file>file:/C:/Users/JESSA%20MARIE%20BEBITA/OneDrive/Desktop/2103_DCMS/Dental_Clinic_Management_System/src/dental_clinic_management_system/perscription.java</file>
            <file>file:/C:/Users/JESSA%20MARIE%20BEBITA/OneDrive/Desktop/2103_DCMS/Dental_Clinic_Management_System/src/dental_clinic_management_system/appointment.java</file>
            <file>file:/C:/Users/JESSA%20MARIE%20BEBITA/OneDrive/Desktop/2103_DCMS/Dental_Clinic_Management_System/src/dental_clinic_management_system/HOMEPAGE.java</file>
            <file>file:/C:/Users/JESSA%20MARIE%20BEBITA/OneDrive/Desktop/2103_DCMS/Dental_Clinic_Management_System/src/dental_clinic_management_system/treatment.java</file>
            <file>file:/C:/Users/JESSA%20MARIE%20BEBITA/OneDrive/Desktop/2103_DCMS/Dental_Clinic_Management_System/src/dental_clinic_management_system/schedule.java</file>
            <file>file:/C:/Users/JESSA%20MARIE%20BEBITA/OneDrive/Desktop/2103_DCMS/Dental_Clinic_Management_System/src/dental_clinic_management_system/history.java</file>
        </group>
    </open-files>
</project-private>
